,MlsId,MlsName,DateListed,StreetAddress,Price,Bedrooms,Bathrooms,FullBathrooms,HalfBathrooms,ThreeQuarterBathrooms,Appliances,Rooms,Description
157,16968013,CLAW,2016-01-07 00:00:00,828 BALLARD CANYON RD,2879000.00,4,,4,1,,"Range Hood,RangeOven","bedrooms,bathrooms","Meticulously maintained historic 5-acre horse ranch nestled in the wine country of the Santa Ynez Valley combines exquisite craftsmanship with an artful blend of rustic wood, warm stone, and bronze to"
158,16970717,CLAW,2016-01-13 00:00:00,5880 Foxview DR,599000.00,0,,,,,,None,"Amazing white water, ocean view lot in gated community. Very private road. Multi-Million dollar homes on street. Gorgeous coastline Views. Huge up-side for the right buyer. Per Seller - Home may have "
159,16970871,CLAW,2016-01-20 00:00:00,6692 WILDLIFE RD,45000.00,5,,6,,,"Built-In BBQ,Microwave,RangeOven,Cooktop - Gas,Double Oven","bedrooms,bathrooms","New Construction Point Dume Rental with coveted Beach Rights available immediately. This amazing, designer perfect, super private/secure home comes fully furnished and is available immediately. Book m"
161,316000525,ITECH,2016-02-04 00:00:00,845 Highland Drive,4699999.00,6,,3,1,1,"RangeOven,Range Hood","bedrooms,bathrooms","Unbelievable custom home in the hills of La Canada Flintridge! The home sits peacefully on a multi-level 40,000+ square foot lot and is extremely private with beautiful views of the mountains. Enterta"
6,16106762,CLAW,2016-03-16 00:00:00,27086 MALIBU COVE COLONY DR,25000.00,3,,3,1,,"Built-Ins,Microwave,RangeOven","bedrooms,bathrooms",Gorgeous oceanfront home with views to Point Dume and direct beach access. This beach house is ideal for entertaining with a kitchen open to a great room and ocean front deck. Possible fourth bedroom 
7,16109128,CLAW,2016-03-25 00:00:00,36 BREEZE AVE,6500.00,2,,1,1,,"Built-Ins,Microwave,Built-In Gas,Cooktop - Gas,Double Oven,Range Hood","bedrooms,bathrooms","his designer, custom architectural remodel on the charming Breeze walk-street is the epitome of luxurious and efficient living. Walls of warm reclaimed wood line the architectural interior, while expa"
8,16114818,CLAW,2016-04-12 00:00:00,31652 BROAD BEACH RD,5800000.00,3,,3,,,"Built-Ins,Range Hood,RangeOven","bedrooms,bathrooms","Welcome to an oasis over looking the Pacific Ocean, where crashing waves and vivid sunsets create the quintessential Beach living environment. The controlled access exterior entry sets the tone for th"
9,16115130,CLAW,2016-04-13 00:00:00,1912 KELTON AVE,5499.00,3,,2,,,,"bedrooms,bathrooms","Beautiful traditional Spanish in the heart of Westwood! Charming original details include high, vaulted ceilings in living room, cozy wood-burning fireplace, arched doorways, shelving alcoves, painted"
10,16115640,CLAW,2016-04-14 00:00:00,11258 Laurie Drive,798000.00,0,,,,,,None,"NEW PROJECT - SHOVEL READY. *NOTE* This project has Ready To Issue (RTI) PERMITS because the Design Review Board has approved this development, for the Mulholland Scenic Parkway Corridor, in addition "
11,16118008,CLAW,2016-04-25 00:00:00,28011 PAQUET PL,6995000.00,5,,4,,,"Built-In BBQ,RangeOven","bedrooms,bathrooms","Beautiful estate with panoramic ocean views located in the gated community of Ramirez Canyon. This 5 bed, 5 bath features an open floor plan with natural light and stunning ocean & mountain views thro"
162,316004149,ITECH,2016-05-05 00:00:00,887 Flintridge Avenue,6495000.00,6,,3,3,1,"Built-In Gas,RangeOven","bedrooms,bathrooms",Absolutely exquisite Spanish Colonial Revival Estate located in the heart of Flintridge. Former Showcase House magnificently situated on almost 2 flat acres of private park-like grounds with multiple 
12,16122648,CLAW,2016-05-06 00:00:00,6237 BONSALL DR,6649000.00,3,,3,1,,,"bedrooms,bathrooms",A prime flat ~1.5 acre lot w/ a unique use of modern finishes & innovative design by Vitus Matare. This private gated single story marvel is adorned w/ mature trees ranging from avocados to evergreens
13,16125100,CLAW,2016-05-16 00:00:00,0 BROAD BEACH RD,150000.00,6,,7,1,,"Built-In BBQ,Built-Ins,Microwave,RangeOven","bedrooms,bathrooms","Unlike any other luxury opportunity, this beautiful Malibu compound offers a flat acre w/ over 120' of beach frontage; a lot depth extending 400'! A gated entrance, simple yet dignified, opens to a 2-"
14,16129206,CLAW,2016-05-26 00:00:00,31341 BIRDELLA RD,5975.00,4,,2,,,,"bedrooms,bathrooms","Nestled in the heart of the Santa Monica Mountains, this serene setting invites you to hike, climb, or horseback ride throughout the day, then relax to the sounds of nature narrating the clear stellar"
15,16130744,CLAW,2016-06-02 00:00:00,32036 PACIFIC COAST HWY,2450000.00,0,,,,,,None,Build your Malibu dream home! Flat lot on almost one-half acre with pristine ocean views on the ocean side of PCH. Gated and private building site including deeded beach rights to one of the most beau
16,16132084,CLAW,2016-06-05 00:00:00,888 Blackmore DR,2888000.00,0,,,,,,None,This approx: 59 ACRE DEVELOPMENT SITE consists of SIX vacant lots. These lots sit on the back and the front side of a hill with a fire road running across the top part of the hill. The largest lot whi
17,16132158,CLAW,2016-06-06 00:00:00,19252 PACIFIC COAST HWY,27500.00,3,,5,,,"Built-In BBQ,Microwave,RangeOven","bedrooms,bathrooms",Rare 98ft Ocean Front Classic Beauty reminiscent of glamorous days from a bygone era. Magnanimous rms paneled & floored w/ rain forest woods ooze casual elegance ala the Titanic. From the street you'l
19,16134056,CLAW,2016-06-11 00:00:00,9229 Crescent Drive,1498000.00,0,,,,,,None,"High up in the Hollywood Hills, are 6 contiguous flat lots with Double Sided views, totaling approx: 17,400 SF. All 6 lots have superb views of both the City of Los Angeles AND Trousdale Estates. APN "
20,16134704,CLAW,2016-06-14 00:00:00,2401 Laurel Canyon Boulevard,1298000.00,0,,,,,,None,"COMPOUND OPPORTUNITY HIDDEN IN PLAIN SIGHT.10 contiguous VACANT LOTS ONLY, (there is NO house) currently on this property totaling approx: 2.5 acres which includes an APPROX: 18,000 SF flat pad. Once "
21,16134756,CLAW,2016-06-14 00:00:00,24808 Woolsey Canyon RD,1298000.00,0,,,,,,None,"RESIDENTIAL DEVELOPMENT SITE: Consisting of 10 vacant lots on approx: 32 acres, with several BIG FLAT PADS and SWEEPING VALLEY VIEWS of San Fernando Valley, Warner Center and the Mountains. Reports ar"
22,16134906,CLAW,2016-06-16 00:00:00,386 ENTRADA DR,1749000.00,2,,2,,,"Range Hood,Microwave,Cooktop - Gas,Oven-Gas","bedrooms,bathrooms","Location, location, location! Charming Mediterranean style home in the highly desirable Santa Monica Canyon. This home is customized throughout with a gourmet cooks kitchen with imported Italian grani"
23,16135516,CLAW,2016-06-16 00:00:00,7350 PACIFIC VIEW DR,2195000.00,3,,3,,,"Built-Ins,Range Hood,RangeOven","bedrooms,bathrooms","Perched above a cul-de-sac in the Hollywood Hills, this Dramatic newly constructed home is of the highest quality. Steel, concrete and glass with a clean modern aesthetic and a bright inviting atmosph"
25,16137056,CLAW,2016-06-22 00:00:00,1422 SAN YSIDRO DR,2035000.00,2,,2,,,"Range Hood,Microwave","bedrooms,bathrooms","Location,location,location. Located on one of BH's premier streets San Ysidro, this home is waiting for its next homeowner to put their magical touch on it. This home has 2 beds and 2 baths with an op"
163,316005809,ITECH,2016-06-22 00:00:00,64 North Arroyo Boulevard,919000.00,4,,2,,1,,"bedrooms,bathrooms","Meticulously maintained light-filled townhouse in the Altos Arroyo complex is looking for its next owner. Main floor features hardwood flooring throughout, living room with vaulted ceilings and firepl"
164,316005875,ITECH,2016-06-22 00:00:00,899 Winston Avenue,2700000.00,4,,3,1,,"Double Oven,Gas","bedrooms,bathrooms","Located on a quiet street in the desirable San Marino neighborhood, is this charming and cheerful traditional. It boasts 3 beds and 3 baths downstairs, and a private bedroom suite upstairs. Inviting c"
26,16137086,CLAW,2016-06-24 00:00:00,6225 GAYTON PL,3195000.00,4,,4,1,,"Built-In BBQ,RangeOven","bedrooms,bathrooms",This beautiful 4 bedroom/4.5 bath is situated on approximately 1 acre with phenomenal mountain views in a tranquil setting and located in a gated community. The home offers a gourmet kitchen with gran
166,316006255,ITECH,2016-07-04 00:00:00,2806 Glendower Avenue,2488000.00,6,,6,1,,,"bedrooms,bathrooms",Incredible opportunity! Absolute Best VALUE above the Blvd with SPECTACULAR VIEWS!! Stunning custom contemporary view home situated on one of the premier streets in Los Feliz. An architectural gem whi
24,16136820,CLAW,2016-07-06 00:00:00,3464 SWEETWATER MESA RD,17500000.00,5,,5,2,,"Built-In BBQ,Built-Ins,RangeOven","bedrooms,bathrooms","NEWLY PRICED TO SELL! Iconic Malibu living abounds in this architectural oasis atop a generous 4.25 acres within the exclusive Serra Retreat. Recently updated by a celebrated designer, the home offers"
27,16141262,CLAW,2016-07-06 00:00:00,1116 LINDA FLORA DR,34999.00,5,,5,1,,"Built-In BBQ,Built-Ins,Range Hood,Microwave,RangeOven","bedrooms,bathrooms","Designed by renowned architect Walter Scott Perry in the classic modern Bauhaus tradition, this newly remodeled, 5 bedroom & 6 bathroom contemporary home is sited on a serene, half-acre knoll in Bel A"
28,16142180,CLAW,2016-07-11 00:00:00,2317 Dickenson RD,20000000.00,3,,2,1,,Built-In BBQ,"bedrooms,bathrooms","An hour outside of Los Angles with country and ocean views of Ojai sits Flying D Ranch. The ultimate ranch - surrounded by a seasonal creek and expansive terrain. Consisting of 1,281 acres and 7 parce"
18,16133142,CLAW,2016-07-15 00:00:00,1970 N GRAMERCY PL,1699000.00,3,,2,1,,RangeOven,"bedrooms,bathrooms","Tranquility awaits at this 1935 Traditional hillside retreat in the coveted Los Feliz Oaks. Tucked away in a quiet cul-de-sac, this home boasts a dramatic living room with beamed ceilings, a decorativ"
165,316006132,ITECH,2016-07-15 00:00:00,1401 Via Del Rey,1988000.00,6,,4,,1,"Built-Ins,Oven,RangeOven","bedrooms,bathrooms","Mid Century 1970's iconic Charles Wong designed South Pasadena home, filled with original character and charm, situated on a corner lot atop of Via del Rey, overlooking Pasadena, the Rose Bowl and a g"
30,16144050,CLAW,2016-07-18 00:00:00,2600 Canada Este RD,5495000.00,6,,3,,,"Built-Ins,Range Hood,Microwave,RangeOven","bedrooms,bathrooms","CENT'ANNI Estate is an alluring 20 acre property amidst the picturesque countryside of Santa Ynez in the secluded, idyllic setting of Los Olivos. This is a once in a lifetime opportunity to acquire a "
29,16142204,CLAW,2016-07-21 00:00:00,514 LILLIAN WAY,1399000.00,3,,1,,,Built-In Gas,"bedrooms,bathrooms","MOTIVATED SELLER! BRING US AN OFFER!! Perfectly situated between the Wilshire Country Club and the Los Angeles Tennis Club, come see this charming Spanish 3-bedroom house with central air and incredib"
31,16145020,CLAW,2016-07-21 00:00:00,602 PALISADES BEACH RD,10500000.00,7,,7,,,,"bedrooms,bathrooms","Incredible opportunity to own this classic French Revival sitting on over 11,000 square feet of beach front land right in the middle of Santa Monica's famed Gold Coast. With 59 feet of beachfront, it "
32,16146358,CLAW,2016-07-22 00:00:00,4906 MENDOTA AVE,468300.00,2,,1,,,,"bedrooms,bathrooms","Amazing investor opportunity in hot, hot Highland Park. This is a Probate sale that requires court confirmation. Cash buyers only. Executor asks that you do not walk on property. No open houses, no sh"
33,16146576,CLAW,2016-07-22 00:00:00,4017 E 6TH ST,336900.00,2,,1,,,,"bedrooms,bathrooms","There is an accepted offer at $308,500. The court confirmation hearing for the Sale is currently set for November 15, 2016 at 8:30 a.m. in Dept. 11 of Los Angeles County Superior Court located at 111 "
34,16148546,CLAW,2016-07-29 00:00:00,29220 WAGON RD,2688000.00,6,,5,,,"Built-In BBQ,Range Hood,Microwave,RangeOven","bedrooms,bathrooms","Perched atop a secluded promontory, this inspired contemporary compound is located within the exclusive gated community of Medea Valley Estates, optimally positioned between Malibu and Agoura Hills. O"
168,316007195,ITECH,2016-07-29 00:00:00,5215 Vista Miguel Drive,1848000.00,4,,3,,,,"bedrooms,bathrooms",Quintessential Cape Cod style home located in a prime area of La Canada Flintridge. Fantastic family floor plan with sunlight-filled rooms throughout which flow seamlessly to an inviting veranda and e
169,316007323,ITECH,2016-08-03 00:00:00,470 South Santa Anita Avenue,1450000.00,4,,3,,,Built-In Gas,"bedrooms,bathrooms","Special two-story Spanish Colonial Revival featuring Andalusian architectural details. Separate single-story wing dedicated to large living room with vaulted ceiling supported by trussed wooden beams,"
37,16150318,CLAW,2016-08-05 00:00:00,27112 MALIBU COVE COLONY DR,20000.00,3,,3,1,,"Range Hood,Microwave","bedrooms,bathrooms","This sleek and sexy beach house is located on a private guard-gated lane in the center of Malibu. Upon entry, the home immediately introduces you to the Pacific Ocean with a two story entry, walls of "
35,16150042,CLAW,2016-08-05 00:00:00,29672 ZUMA BAY WAY,1900000.00,3,,1,1,1,Built-Ins,"bedrooms,bathrooms","Impeccable townhome located in a 24-hour guard gated enclave known as Zuma Bay Villas. An amazing opportunity to call this your home, a turnkey investment, or a personal vacation escape with several p"
38,16150758,CLAW,2016-08-05 00:00:00,181 SURFVIEW DR,10815.00,4,,3,1,,"Built-Ins,Microwave,RangeOven","bedrooms,bathrooms","Spectacular Contemporary with dramatic and architectural details. Exquisitely updated with fine attention to detail. Ocean view from most rooms, yard and decks. Gorgeous living/media room with bar are"
36,16150280,CLAW,2016-08-09 00:00:00,1961 DE MILLE DR,5540000.00,6,,4,,,,"bedrooms,bathrooms",Beautiful architectural home with stunning 180 degree views from downtown to the ocean. This 6 bedroom 4.5 bath is tucked behind the highly desirable gates of the exclusive Laughlin Park Community. Th
40,16151674,CLAW,2016-08-10 00:00:00,19355 PACIFIC COAST HWY,3500.00,1,,1,,,RangeOven,"bedrooms,bathrooms","This charming, fully furnished 1 bedroom, 1 bath cottage sits on the grounds originally developed in the 1930's known as The Malibu Lodge. Truly a special property, across the street from Las Tunas St"
39,16151208,CLAW,2016-08-11 00:00:00,4960 VANALDEN AVE,3495000.00,7,,4,1,1,"Built-In BBQ,Built-Ins,Range Hood,Microwave,RangeOven,Convection Oven,Cooktop - Gas,Double Oven,Gas,Oven-Gas","bedrooms,bathrooms","Designed by noted architect Gus Duffy and situated on approx 3/4's of an acre, this resort like estate defines the meaning of ""compound"". The Casa: Is a single story 4+3.5 home, beautiful in rich wood"
41,16153228,CLAW,2016-08-15 00:00:00,7135 HOLLYWOOD,650000.00,1,,2,,,Built-Ins,"bedrooms,bathrooms","Hollywood Versailles Towers at it's best! Come see this hip, designer perfect condo in the fabulous, full-service building on Hollywood Boulevard! Bring your toothbrush and move in! This condo has a f"
171,316007701,ITECH,2016-08-15 11:31:13,82 Monterey Lane,879000.00,3,,1,,1,"Built-In Electric,Microwave","bedrooms,bathrooms","Quaint Sierra Madre Traditional corner lot home on cul-de-sac street. Wonderful open and bright floor plan with 3 bedrooms, 2 bathrooms, and spacious family room that opens to the back yard. This home"
172,316007842,ITECH,2016-08-19 00:00:00,21552 Yucatan Avenue,799000.00,5,,2,,1,Gas,"bedrooms,bathrooms","Beautifully remodeled five bedroom, three bath home located south of the Blvd. This home exemplifies an ideal open floorplan, soaring ceilings & an abundance of natural light. Features include a cooks"
44,16154966,CLAW,2016-08-19 00:00:00,6410 SURFSIDE WAY,2288000.00,3,,2,,2,RangeOven,"bedrooms,bathrooms","Located in one of Malibu's most desirable beachside neighborhoods, Malibu Park, this modern single-story home is styled with tranquil, Zen elements throughout. Close proximity to Zuma Beach, schools, "
46,16155592,CLAW,2016-08-22 00:00:00,1100 N BEVERLY GLEN,5700.00,3,,2,,1,"Range Hood,RangeOven","bedrooms,bathrooms","Stunning Contemporary in Beverly Glen. Centrally located near Bel Air, Beverly Hills, Westwood, and Century City. The home has been tastefully updated with top quality finishes. Features hardwood floo"
45,16155556,CLAW,2016-08-22 00:00:00,24014 PARK CASINO,1719500.00,4,,3,,,"Built-In BBQ,Built-Ins,Range Hood,RangeOven","bedrooms,bathrooms","Gorgeous home with view of Calabasas golf course, Located in the sought after Las Virgenes School District. Nice and bright with an impressive entryway with skylights that opens into the living room o"
42,16154748,CLAW,2016-08-22 00:00:00,9640 SIERRA HWY,12800000.00,5,,4,1,,RangeOven,"bedrooms,bathrooms","Just 35 miles outside of Los Angeles, Agua Dulce Winery is a breathtaking 90-acre property affording oenophiles the rarity of owning a countryside estate featuring a spacious 5-bedroom residence and t"
173,316007976,ITECH,2016-08-24 00:00:00,3138 Cloudcrest Road,850000.00,3,,2,,,,"bedrooms,bathrooms","Peace, calm and quiet in the hills of La Crescenta, this Traditional-Contemporary home offers what you've been waiting for. Within the last two years this three bedroom,/two bathroom home has been ext"
48,16157052,CLAW,2016-08-26 00:00:00,5100 ANGELES VISTA BLVD,975000.00,3,,2,1,,"Built-Ins,Range Hood,Microwave,RangeOven","bedrooms,bathrooms","Classic 1928 Spanish Casa located in the desirable View Park enclave, recently designated in the National Registry of Historic Places."
47,16156574,CLAW,2016-08-26 00:00:00,1016 OAKWOOD AVE,1450000.00,3,,2,,,RangeOven,"bedrooms,bathrooms","AMAZING OPPORTUNITY IN VENICE! Charming beach cottage with 3 bedrooms and one bathroom in main house. Hardwood floors, light and bright, spacious bathroom and laundry inside. Legal back studio with st"
49,16157428,CLAW,2016-08-29 00:00:00,200 TOYOPA DR,20000000.00,7,,5,3,2,"Built-In BBQ,Built-Ins,Range Hood,Microwave,RangeOven,Cooktop - Gas,Double Oven","bedrooms,bathrooms","Perched atop the coveted Huntington area of the Pacific Palisades, this oceanside manor is nothing short of presidential - a rare composition of remarkable stonework flush with ivy and backlit by the "
43,16154856,CLAW,2016-08-30 00:00:00,6420 SYCAMORE MEADOWS DR,10500.00,4,,2,,,,"bedrooms,bathrooms","Modern Ranch Beach Bungalow in Sycamore Park. Located in idyllic Sycamore Park, steps from Escondido Beach, this light, airy, open home features vaulted whitewashed ceilings, hardwood floors, elegant "
51,16157850,CLAW,2016-08-30 00:00:00,22042 CARBON MESA RD,2995000.00,5,,2,,3,"Built-In BBQ,Built-Ins,RangeOven","bedrooms,bathrooms","68 yrs ago the owners picked this spot overlooking the now famous Billionaires' Beach in Malibu. This pastoral sanctuary, approx. 2.8 acres, has panoramic Ocean Views from Santa Monica's shoreline to "
52,16158240,CLAW,2016-08-31 00:00:00,6420 SYCAMORE MEADOWS DR,3169000.00,4,,2,,,,"bedrooms,bathrooms","Modern Ranch Beach Bungalow in idyllic Sycamore Park. Just steps from Escondido Beach, this light, airy, open home features vaulted whitewashed ceilings, hardwood floors, elegant lines & sophisticated"
54,16158874,CLAW,2016-09-02 00:00:00,10747 WILSHIRE,720000.00,2,,2,,,"Microwave,RangeOven","bedrooms,bathrooms","Prime Wilshire corridor location! Secure building with a 24 hr. doorman. Light and bright luxury unit, the best bargain on the Wilshire corridor. 2 bdrm/ 2 bath updated condo with plantation shutters "
167,316006757,ITECH,2016-09-02 00:00:00,764 Michigan Boulevard,1898000.00,5,,1,1,2,,"bedrooms,bathrooms","The Prairie style architecture of this magnificent home, with its broad eaves, pergola covered porte-cochere and expansive front porch, welcome you home to the tree-shaded parkways and expansive lawns"
50,16157766,CLAW,2016-09-02 00:00:00,16242 SHADOW MOUNTAIN DR,10620000.00,8,,8,1,,"Built-In BBQ,Built-Ins,Microwave,RangeOven","bedrooms,bathrooms",Shadow Mountain is an enclave of 46 wonderful estates that enjoy 24 hour live-gated security just minutes from all that Pacific Palisades has to offer. This spectacular property was conceived and cust
55,16159656,CLAW,2016-09-06 00:00:00,11647 BELLAGIO RD,2400000.00,7,,5,,,"Built-Ins,Range Hood,Microwave,RangeOven,Built-In Gas,Cooktop - Gas","bedrooms,bathrooms","Located on one of Bel Air's most coveted streets, this superb property provides an escape from city life to a sanctuary of treetop vistas and glorious views of the Getty Museum and Catalina Island on "
53,16158556,CLAW,2016-09-06 00:00:00,3464 GREENWOOD AVE,1299000.00,3,,3,,,"Built-Ins,Microwave","bedrooms,bathrooms","Tropical Traditional on the Famed Mar Vista Wood Streets. A gated, grassy front yard welcomes you to 3 bed 2.5 bath home with a large office. Enjoy an updated kitchen with an oversized granite peninsu"
170,316007560,ITECH,2016-09-06 00:00:00,1406 Wellington Avenue,1088000.00,3,,2,,,"Oven,RangeOven","bedrooms,bathrooms","Located in the prestigious Linda Vista neighborhood of Pasadena, this adorable home welcomes you with a beautifully landscaped front yard and charming porch. Cozy living room with fireplace, wood beam"
174,316008372,ITECH,2016-09-06 00:00:00,2388 North Altadena Drive,1790000.00,6,,5,,,"Free Standing Gas,Oven-Gas","bedrooms,bathrooms",House Re-Imagined! It is incredible what can be done for $50K. Come and see the transformation. Canopies of Oaks shelter this one-of-a-kind Rustic Craftsman residence that rests on the banks of Eaton 
56,16159808,CLAW,2016-09-08 00:00:00,316 N SKYEWIAY RD,3995000.00,5,,3,1,1,"Built-Ins,RangeOven","bedrooms,bathrooms","New Construction in the heart of Brentwood. This ""East Coast Beach Cottage"" influenced 5 bedroom, 5 bath home has a flexible open floorplan and works well for daily living and entertaining. The formal"
58,16160314,CLAW,2016-09-08 00:00:00,868 LEONARD RD,5498000.00,5,,5,2,,"Built-In BBQ,Built-Ins,Range Hood,RangeOven","bedrooms,bathrooms","Thoughtfully placed on an idyllic Brentwood cul-de-sac, this newly constructed California Modern was beautifully conceived by Marmol Radziner to blend effortlessly into the hillside topography by way "
175,316008538,ITECH,2016-09-09 00:00:00,2329 Lake View Avenue,1349000.00,3,,2,1,,Built-In Gas,"bedrooms,bathrooms","Designed by noted Architect, Steven Hill, this stunning example of contemporary modernism is bound to impress you. Perched on an expansive ridge in Silverlake Heights, this 2,100 Sf contemporary home "
59,16161032,CLAW,2016-09-09 00:00:00,21425 Rambla Vista,450000.00,0,,,,,,None,"This upslope lot in the desirable La Costa area of Malibu is located less than a minute off of PCH and is in close proximity to shopping, schools, and Santa Monica. Enjoy panoramic ocean and whitewate"
57,16160058,CLAW,2016-09-09 00:00:00,545 CATALONIA AVE,2895000.00,4,,5,,,"Built-Ins,Range Hood,Microwave,RangeOven","bedrooms,bathrooms","An architectural wonder designed by renowned architect David Kellen, a student of Frank Israel and colleague of Frank Gehry, this neo-modern ranch is perched atop the rolling hills of Pacific Palisade"
60,16161068,CLAW,2016-09-10 00:00:00,7931 ZEUS DR,7900.00,4,,3,1,,,"bedrooms,bathrooms","4 bedroom + 3.5 bathrooms, 3162 sqft home with pool on a 12,219 sqft lot. Cul-de-sac location, convenient to Sunset Strip, Hollywood and West Hollywood. Spacious Modern Spanish home with city views an"
61,16161388,CLAW,2016-09-14 00:00:00,1900 PETERSON AVE,2588000.00,6,,3,1,2,"Microwave,RangeOven","bedrooms,bathrooms","Extraordinary view home located in the award-winning South Pasadena School district. Located minutes to Downtown LA, USC and Caltech. This home showcases stunning views of downtown, mountains & trees."
64,16162424,CLAW,2016-09-14 00:00:00,1253 GRANVILLE AVE,5750.00,4,,3,1,,"Range Hood,Microwave,RangeOven","bedrooms,bathrooms","GORGEOUS 4 BED, 3.5 BATH TOWNHOME FOR LEASE! AVAILABLE NOVEMBER 1. THIS UNIT HAS ITS OWN 2-CAR GARAGE W/ DIRECT ACCESS. THE LUXURY MASTER BEDROOM HAS A LOFT, A DUAL WALK-IN CLOSET, FIRE PLACE & LARGE "
65,16162540,CLAW,2016-09-14 00:00:00,1012 2ND ST,3488000.00,3,,1,1,2,RangeOven,"bedrooms,bathrooms","Unit #1 is ""Pending"". Just one ocean view townhouse remains available for sale! Coastal contemporary brand new construction- a true labor of love! Direct ocean views from this sleek architectural 3 be"
66,16162570,CLAW,2016-09-14 00:00:00,1012 2ND ST,2895000.00,3,,1,,2,"Range Hood,RangeOven","bedrooms,bathrooms","Unit #1 is ""Pending"". Just one ocean view townhouse remains available for sale! Architecturally significant turn-of-the-century Victorian cottage meticulously restored and transformed into a modern ma"
63,16162304,CLAW,2016-09-15 00:00:00,10501 EASTBORNE AVE,3248000.00,5,,5,1,,"Built-Ins,Range Hood,RangeOven","bedrooms,bathrooms",This impressive modern construction sets the standard in this highly desirable Westwood location. Ideally located in close proximity to the best of what the Westside has to offer. 5 bd 5.5 ba & an ope
67,16162696,CLAW,2016-09-15 00:00:00,1203 N SWEETZER AVE,499000.00,1,,1,,,"Built-Ins,RangeOven","bedrooms,bathrooms","Remodeled, spacious and light 1 bedroom and 1 bathroom condo in the coveted West Hollywood complex. Villa Las Brisas. Large open living room and dining area with private balcony. Remodeled eat-in-kitc"
68,16162826,CLAW,2016-09-15 00:00:00,810 N TOWNE AVE,2300.00,4,,2,,,,"bedrooms,bathrooms","Impeccable home situated in one of the nicest neighborhood of Claremont. This lovely home has 4 bedrooms, 2 FULL bathrooms. Nice hardwood floors. Kitchen has granite counter tops. Open floor plan. Hug"
69,16163034,CLAW,2016-09-15 00:00:00,215 21ST PL,4695000.00,5,,3,1,1,"Built-In BBQ,Microwave,RangeOven","bedrooms,bathrooms","Classic Mediterranean Spanish home designed by J. Charles. Built in 1998 on a 50x152 lot with a guest room above garage. Perfect floor plan- appx 4600sqft with step down living rm, high beamed ceiling"
62,16161666,CLAW,2016-09-16 00:00:00,10700 ARTRUDE ST,969000.00,4,,2,1,,"Range Hood,Microwave,RangeOven,Oven","bedrooms,bathrooms","Located on a peaceful cul-de-sac in the lovely equestrian community of Shadow Hills, this extensively updated modern ranch home is the perfect turnkey opportunity. Upon entering this home, you are gre"
70,16163198,CLAW,2016-09-16 00:00:00,3714 FLORESTA WAY,849900.00,2,,1,,1,"Built-Ins,Microwave,RangeOven","bedrooms,bathrooms",Large 2b/2ba with a 3rd Bedroom option. Situated in the highly sought after Historic neighborhood of View Park is this beautiful Cape Cod residence. As you open the Black Onyx front door you are welco
71,16163248,CLAW,2016-09-16 00:00:00,702 MARINE ST,1449000.00,3,,1,,,,"bedrooms,bathrooms","An incredible opportunity to buy an over-sized corner lot just seven blocks from the Ocean. It could be a major fixer or a tear down, you decide. One thing is for sure, this is a prime Santa Monica Oc"
72,16163266,CLAW,2016-09-16 00:00:00,21844 PACIFIC COAST HWY,10950000.00,3,,2,,,"Built-Ins,Microwave,RangeOven","bedrooms,bathrooms","Meticulously remodeled Carbon Beach jewel. This 3 bedroom, 2 bath home with gated entry and beautiful courtyard leads you to the best location on the beach! Relax and unwind in your private hot tub on"
176,316008853,ITECH,2016-09-19 00:00:00,1990 Hilldale Drive,899000.00,3,,1,,1,,"bedrooms,bathrooms","Charming hilltop home! Built in 1941, this 3 bedroom 2 bathroom traditional 2 level home has been meticulously maintained by the current owners for the past 25 years and is described as having good bo"
74,16163996,CLAW,2016-09-20 00:00:00,1363 COLTON ST,2599000.00,0,,,,,,None,"Located in the S Echo Park / Westlake neighborhood, this double lot offers the opportunity to raise 40 residential units over 2 levels of daylight subterranean, with access off both Colton and Douglas"
76,16164412,CLAW,2016-09-21 00:00:00,1310 NAPOLI DR,6495000.00,4,,3,,,"Built-In BBQ,Built-Ins,Range Hood,Microwave,RangeOven","bedrooms,bathrooms","A harmonious union between architecture and nature, this Spanish Villa is set on a half-acre of beautiful land in the desirable Palisades. Originally built in 1923, the home remains true to its Spanis"
75,16164100,CLAW,2016-09-21 00:00:00,11768 ELLICE ST,16550000.00,5,,5,2,,"Built-In BBQ,Built-Ins,Microwave,RangeOven","bedrooms,bathrooms","Oceanfront vistas await at The Spanish Estate, an incomparable residential retreat perched on a private bluff top in Malibu's exclusive Marisol community. Masterfully designed by award-winning archite"
77,16164760,CLAW,2016-09-22 00:00:00,1616 N LA BREA AVE,3075.00,0,,1,,,"Microwave,RangeOven",bathrooms,NOW OFFERING MOVE IN SPECIALS! This is the last TOP FLOOR CORNER unit! Welcome to The Lofts On La Brea. The newest luxury community. This large studio is perfect for the entertainer that wants the hig
78,16164788,CLAW,2016-09-22 00:00:00,928 19TH ST,6475.00,2,,2,1,,"Range Hood,RangeOven","bedrooms,bathrooms","Fantastic location! Flexible lease terms- Landlord will consider short, or long term. Just 2 blocks to Montana Avenue shops, cafes and restaurants! Franklin School District! Updated townhouse with 2bd"
73,16163826,CLAW,2016-09-22 00:00:00,1301 SEWARD ST,3500.00,2,,1,,,"RangeOven,Microwave,Oven","bedrooms,bathrooms",Welcome to WEHO! West Hollywood HARD TO FIND pet friendly 2bd/1bath + bungalow. This very bright and charming bungalow is the main house of a detached duplex. Enjoy the serine front yard with privacy 
80,16165062,CLAW,2016-09-22 00:00:00,2445 WALGROVE AVE,1235000.00,3,,1,,1,"Range Hood,RangeOven","bedrooms,bathrooms",Charming 1920s farmhouse on the border of Mar Vista and Venice. This home was originally built in 1925 in La Canada and was moved to the current address in the 1960s. It exudes a vintage ranch-style c
178,316009006,ITECH,2016-09-25 00:00:00,2454 Oswego Street #201,728000.00,3,,3,1,,"Free Standing Gas,Microwave,Range Hood","bedrooms,bathrooms","Architectural excellence and modern finishes combine seamlessly in this luxurious single level rear unit. Built in 2007, the complex boasts idyllic qualities like lush foliage and curved paver-lined p"
82,16165528,CLAW,2016-09-26 00:00:00,0 Ramera Mountainway,3250000.00,0,,,,,,None,Smashing ocean views from 91 acres in the beautiful Santa Monica Mountains overlooking Malibu and Point Dume. This offering consists of seven contiguous ocean view lots only 2 1/2 miles from Pacific C
83,16165532,CLAW,2016-09-26 00:00:00,6041 KANAN DUME RD,2500000.00,0,,,,,,None,"Amazing land offering of almost six acres within 1/2 mile of Pacific Coast Highway. Surrounded by multi-million dollar homes, the property is one of the few left that are able to accommodate multiple "
84,16165994,CLAW,2016-09-26 00:00:00,1616 N LA BREA AVE,2550.00,0,,1,,,"Microwave,RangeOven",bathrooms,NOW OFFERING MOVE IN SPECIALS! THE BUILDING IS ALMOST SOLD OUT! Welcome to The Lofts On La Brea. The newest luxury community. This large top-floor studio is perfect for the entertainer that wants the 
179,316009078,ITECH,2016-09-26 00:00:00,2011 Hall Canyon Drive,3695000.00,4,,2,1,2,"Built-In BBQ,Convection Oven,Cooktop - Gas,Double Oven,Microwave","bedrooms,bathrooms","This timeless contemporary Craftsman residence in La Canada, built by C.H. Anderson, was once a grove of deodar pines, transformed into a property fit for entertaining and movement. Renowned architect"
85,16166222,CLAW,2016-09-27 00:00:00,1522 AMHERST AVE,4350.00,3,,2,1,,"Microwave,RangeOven","bedrooms,bathrooms",Beautifully appointed single level condo in a newer Mediterranean courtyard building. A great open floor plan with 3 bedrooms/2.5 bathrooms and filled with natural sunlight. The chef's kitchen has che
180,316009157,ITECH,2016-09-28 00:00:00,247 Crystal Lane,575000.00,3,,1,,1,Built-In Gas,"bedrooms,bathrooms","Beautiful remodeled single family residence at the end of a cul-de-sac. The stunning large kitchen is truly a show stopper with dark custom cabinets including a wine rack, stone counter tops, recessed"
177,316008990,ITECH,2016-09-28 00:00:00,1124 East Chestnut Street #39,2400.00,2,,2,,,Free Standing Gas,"bedrooms,bathrooms","Charming townhouse style condo. Spacious, beautifully maintained light filled two bedroom two bath unit with hardwood floors, fireplace, two balconies, in unit washer/dryer and private two car garage."
181,316009232,ITECH,2016-09-29 13:35:23,901 South Flower Street #506,2650.00,1,,1,,,,"bedrooms,bathrooms","Situated in the vibrant downtown LA South Park area is this live/work light-filled one bedroom gem. It features open floor plan, modern built-in appliances, European cabinets, enclosed bedroom, ample "
88,16167460,CLAW,2016-10-03 00:00:00,429 MONTANA AVE,1498000.00,3,,2,,,RangeOven,"bedrooms,bathrooms","Rare opportunity to purchase this wonderful 3 bed, 2 bath penthouse in a high demand Santa Monica area. Near shops, restaurants, Santa Monica Pier, Promenade, Santa Monica stairs and the beach; this h"
182,316009342,ITECH,2016-10-03 00:00:00,4842 Alminar Avenue,1339000.00,3,,2,,,"Cooktop - Gas,Microwave,Oven","bedrooms,bathrooms","Welcome to 4842 Alminar Ave., considered a prime location for many in La Canada! Alminar is a quaint tree lined street not far from schools, shopping and restaurants. This cozy and charming 3 bedroom,"
185,316009368,ITECH,2016-10-03 00:00:00,4113 Lanterman Lane,1195000.00,4,,1,1,1,,"bedrooms,bathrooms","Beautiful turn-key traditional in La Canada Flintridge. Fantastic floor plan for entertaining with great indoor-outdoor flow. Large living room/ dining room, cooks kitchen and breakfast nook open to t"
79,16164958,CLAW,2016-10-03 00:00:00,1425 SYCAMORE AVE,888000.00,3,,2,,,Built-In BBQ,"bedrooms,bathrooms","Located in Northwest Glendale, above Bel Aire Drive, this stylishly remodeled home is sure to delight the most discerning buyer! The gorgeous chef's kitchen is straight out of Restoration Hardware and"
87,16167440,CLAW,2016-10-03 00:00:00,901 TEAKWOOD RD,1998000.00,4,,3,,,"Range Hood,Microwave,RangeOven","bedrooms,bathrooms","Mid-Century modern with gorgeous canyon views. This 2,835 sqft home has 4 bed, 3 baths and is bright and spacious throughout with plenty of room for entertaining. The living room with fireplace has la"
183,316009344,ITECH,2016-10-04 00:00:00,8258 Owens Street,549000.00,3,,1,,1,,"bedrooms,bathrooms","Charming traditional home on a nice tree lined street in Sunland. Built in 1953, this 3 bedroom 2 bathroom home has been well maintained and has many recent upgrades including wide plank hardwood floo"
218,SB16712658MR,CRMLS,2016-10-04 00:00:00,1110 Felbar Avenue,779000.00,3,,2,99,,RangeOven,"bedrooms,bathrooms","A decorator perfect home in Torrance Gardens awaits: enter this 1,611 sq. ft. gem from a welcoming brick front porch, step into the inviting living room with beautiful wood floors, and take your time "
91,16168406,CLAW,2016-10-04 00:00:00,1 W CENTURY DR,18500.00,2,,2,1,,"Built-Ins,Range Hood,Microwave,RangeOven","bedrooms,bathrooms","Live at ""The Century"" and experience the finest in estate-style living with five-star amenities. The prestigious full-service 42-story high rise was designed by Robert A.M. Stern and features all the "
90,16168294,CLAW,2016-10-04 00:00:00,1 W CENTURY DR,3849000.00,2,,2,1,,"Built-Ins,Range Hood,Microwave,RangeOven","bedrooms,bathrooms","Live at ""The Century"" and experience the finest in estate-style living with five-star amenities. The prestigious full-service 42-story high rise was designed by Robert A.M. Stern and features all the "
81,16165260,CLAW,2016-10-04 00:00:00,18913 ADOLFO AVE,865000.00,4,,4,,,"Microwave,RangeOven","bedrooms,bathrooms",Welcome to this wonderful small gated community in the heart of Tarzana. Drive up and you are greeted with a stamped driveway and rose bush lined path leading to a beautiful newer 4 bedroom property. 
93,16168832,CLAW,2016-10-05 00:00:00,2041 N COMMONWEALTH AVE,3095.00,2,,1,,,"Microwave,RangeOven","bedrooms,bathrooms","Welcome to 2041 N Commonwealth. Be the the first to live in this Top-floor Corner unit since the full remodel including new floors, fresh paint, new counter tops and new appliances. A large master wit"
97,16169172,CLAW,2016-10-06 00:00:00,920 Alta AVE,6595000.00,6,,2,2,3,"Built-Ins,Range Hood,RangeOven","bedrooms,bathrooms","Architectural oasis located on a quiet corner lot North of Montana- just moments from restaurants & the beach. Steel, wood & glass set the stage for serene living tucked behind privacy walls & hedges."
96,16169094,CLAW,2016-10-06 00:00:00,2765 CASIANO RD,2249000.00,5,,4,1,,"Built-Ins,Range Hood,RangeOven","bedrooms,bathrooms",Come embrace a skillful blend of elements that gives this romantic Mediterranean energy and joy. Tour the thoughtful floorpan that will impress. Many incredible features & fine details make it unique.
95,16169036,CLAW,2016-10-06 00:00:00,1101 N KENTER AVE,1799000.00,3,,3,,1,"Range Hood,Microwave,RangeOven","bedrooms,bathrooms",Live above the city of lights in the peaceful and desirable Crestwood Hills area of Brentwood. This 3 bed/4 bath architectural home with wonderful canyon and ocean views boasts an open floor plan and 
92,16168744,CLAW,2016-10-06 00:00:00,323 ADELAIDE DR,6895000.00,4,,2,2,2,"Built-Ins,Range Hood,Microwave,RangeOven","bedrooms,bathrooms","Perfectly situated on the most sought-after block of Adelaide Drive, this luxury four-level Santa Monica canyon home offers an idyllic lifestyle inclusive of breathtaking ocean & canyon views. Nestled"
98,16169260,CLAW,2016-10-07 00:00:00,1116 LINDA FLORA DR,8499000.00,5,,3,1,2,"Built-In BBQ,Built-Ins,Microwave,RangeOven,Gas,Oven","bedrooms,bathrooms","Designed by renowned architect Walter Scott Perry in the classic modern Bauhaus tradition, this newly remodeled, 5 bedroom & 6 bathroom contemporary home is sited on a serene, half-acre knoll in Bel A"
184,316009356,ITECH,2016-10-07 00:00:00,4762 La Canada Boulevard,2195000.00,4,,2,1,1,"Cooktop - Gas,Double Oven,Gas Grill,Range Hood","bedrooms,bathrooms","This stunning 1926 Spanish estate sits on nearly 24,000 square feet of flat land and features a detached 1-BR/1-BA GUEST HOUSE. This house combines original character details with a fantastic floor pl"
86,16167196,CLAW,2016-10-07 00:00:00,483 CRANE,599000.00,2,,1,,,,"bedrooms,bathrooms","Enchanting 1928 Spanish Bungalow high atop Mt. Washington. Perched above street level on a street-to-street lot, this graceful home has been lovingly preserved and is filled with original detail. Feat"
186,316009501,ITECH,2016-10-07 00:00:00,1436 Valane Drive,799000.00,2,,1,1,,,"bedrooms,bathrooms","A dog-leg left from the first fairway of the Oakmont Country Club is where you will find this hidden, quaint street with friendly neighbors. This single-story, mid Century home has clean lines that ar"
99,16169676,CLAW,2016-10-08 00:00:00,750 S BUNDY DR,875000.00,2,,2,1,,Built-Ins,"bedrooms,bathrooms","Located in the heart of Brentwood, minutes from some of the best restaurants, boutiques and farmers markets in Los Angeles, this stylish condo beckons you home. Enjoy a thoughtfully-designed open floo"
94,16168984,CLAW,2016-10-10 00:00:00,2601 PURDUE AVE,799000.00,2,,1,,,"Range Hood,RangeOven","bedrooms,bathrooms","Westside charmer. Coved ceilings, archways, wood floors, fireplace in a step-down living room. This home has been well maintained and upgraded with central heat and A/C, copper plumbing, CA cellar wit"
187,316009646,ITECH,2016-10-12 00:00:00,526 Venado Vista Drive,1195000.00,3,,2,,,,"bedrooms,bathrooms","This 1957 ranch home is located on a quiet cul-de-sac near Paradise Canyon Elementary School and hiking trails. The home offers a large living/great room with high ceilings, fireplace, built-in cabine"
103,16170438,CLAW,2016-10-12 00:00:00,1125 NAPOLI DR,5995000.00,5,,3,1,1,"Built-In BBQ,Range Hood,Microwave,RangeOven","bedrooms,bathrooms","This rare single story contemporary is a WOW! In the ""Coastal Modern"" style of its celebrity designer Tim Clarke, interiors include Balinese ceilings, floor to ceiling windows/doors, and a seamless in"
105,16170802,CLAW,2016-10-12 00:00:00,235 MAIN ST,999000.00,2,,2,,,RangeOven,"bedrooms,bathrooms","A spacious expertly designed condominium located on Main Street in Venice. Located in close proximity to Whole Foods, Rose Ave, and Venice Beach. This two bedroom two bath recently updated condo boast"
100,16170084,CLAW,2016-10-13 00:00:00,1508 12TH ST,779000.00,2,,2,,,"Built-Ins,Range Hood,Microwave,RangeOven","bedrooms,bathrooms","ATTENTION INVESTORS looking for an updated easy to manage condo with low dues! Tenant in place until NOV 1st 2017 at $3,300 per month. Can be shown with 48hrs notice. Just 12 blocks from the sand? At "
102,16170260,CLAW,2016-10-13 00:00:00,3181 FEDERAL AVE,1589000.00,4,,3,,,"Microwave,RangeOven","bedrooms,bathrooms",Welcome to this Mar Vista/ Westdale Trousdale charmer on a wonderful tree lined street centrally located to everything the neighborhood has to offer.This pristine home offers 4 spacious Bedrooms (2 en
101,16170236,CLAW,2016-10-13 00:00:00,2317 Dickenson Road,20000000.00,0,,,,,,None,"An hour outside of Los Angles with country and ocean views of Ojai sits Flying D Ranch. The ultimate ranch - surrounded by a seasonal creek and expansive terrain. Consisting of 1,281 acres and 7 parce"
188,316009693,ITECH,2016-10-14 00:00:00,1320 Loreto Drive,1126000.00,3,,2,,1,"Built-Ins,Convection Oven,Cooktop - Gas,Microwave,Oven","bedrooms,bathrooms","Price Reduction! Beautiful 1926 Character Spanish! Located on a peaceful street, this lovely Spanish Colonial is immaculate. Living Room Offers Gleaming Tongue and Groove Hardwood floors and the state"
189,316009737,ITECH,2016-10-15 16:59:01,4439 Alta Canyada Road,4000.00,3,,1,1,1,,"bedrooms,bathrooms",Charming 3 BR/ 3 BA home FOR LEASE in the award-winning La Canada Unified School district. The updated kitchen features granite counters and opens to the family room and dining area. Spacious Master B
104,16170720,CLAW,2016-10-17 00:00:00,17795 CALLE DE PALERMO,3895000.00,5,,5,1,,"Built-In BBQ,RangeOven","bedrooms,bathrooms","Welcome home to this beautiful Contemporary Traditional in the exclusive guard gated community of the Palisades Country Estates. This great family home, at the end of a cul-de-sac, offers 5 spacious e"
108,16171978,CLAW,2016-10-17 00:00:00,7462 CLINTON ST,825000.00,2,,1,,,,"bedrooms,bathrooms","Melrose Village Spanish Bungalow Heavy Fixer/Tear-down. Property to be sold in AS-IS condition with no repairs, credits, or warranties. Located in prime 90036 neighborhood moments from The Grove, Melr"
106,16171376,CLAW,2016-10-17 00:00:00,15630 WOODVALE RD,3499000.00,5,,5,1,,"Built-In BBQ,Built-Ins,Range Hood,Microwave,RangeOven,Built-In Gas,Cooktop - Gas","bedrooms,bathrooms","Located in the heart of Royal Oaks of Encino, sits a newly remodeled contemporary California craftsmanship 5BD/5.5 BA. This Cape Cod-inspired interior has rich French Oak floors throughout, generous l"
190,316009746,ITECH,2016-10-17 00:00:00,330 Cordova Street #312,599000.00,2,,2,1,,"Gas,Oven-Gas","bedrooms,bathrooms","Just One and half blocks (5 minute walk) from the Metro Gold Line, this heavily-treed urban oasis is conveniently located near restaurants, shopping, art galleries, Old Pasadena, Paseo, South Lake Ave"
192,316009802,ITECH,2016-10-18 00:00:00,5715 Summit Crest Drive,1450000.00,3,,1,,1,"Gas/Electric Range,Oven","bedrooms,bathrooms","Beautiful property in desirable La Canada/Flintridge. Charming traditional one story house in a beautiful neighborhood, kitchen with breakfast room and convenient and spacious family room, Banquet siz"
191,316009753,ITECH,2016-10-19 00:00:00,385 South Oakland Avenue #105,355000.00,0,,1,,,RangeOven,bathrooms,"Chic studio located on a wonderful tree-lined street in the heart of Pasadena. Well situated in the sophisticated Oakland Towers, this unit features a double door entry, large picture windows with vie"
114,16173026,CLAW,2016-10-19 00:00:00,2307 OAKWOOD AVE,9250.00,3,,4,,,Built-Ins,"bedrooms,bathrooms","Eco Chic Living in the heart of Venice! 2,400sq feet single family house on three levels built in 2008. 3 bedrooms, 3.5 baths.Lofty architectural living w volume, light & space. High ceilings, multipl"
109,16172792,CLAW,2016-10-19 00:00:00,610 N Orlando AVE,3750.00,1,,2,,,"Microwave,RangeOven","bedrooms,bathrooms","Extensively Remodeled Units for Lease in prime and hip WEHO! Modern designer finishes include French Oak laminate flooring throughout, kitchen with stainless steel appliances, caesartone counters and "
112,16172880,CLAW,2016-10-19 00:00:00,610 N Orlando AVE,3750.00,2,,2,,,"Microwave,RangeOven","bedrooms,bathrooms","Extensively Remodeled Units for Lease in prime and hip WEHO! Modern designer finishes include French Oak laminate flooring throughout, a kitchen with stainless steel appliances, caesartone counters an"
193,316009844,ITECH,2016-10-19 21:51:45,277 Atchison Street,3500.00,4,,2,,1,,"bedrooms,bathrooms","Charming home located on a tree lined street. Great curb appeal, mature trees, backyard porch, hardwood floors, living room with a fireplace, nicely remodeled bathrooms, and kitchen, lots of closet sp"
115,16173052,CLAW,2016-10-20 00:00:00,10267 LELIA LN,1495000.00,3,,3,,,,"bedrooms,bathrooms","Situated at the end of a quiet canyon lane, this stunning contemporary home offers a tranquil, serene setting. Soaring ceilings, expansive windows, and skylights create tremendous natural light throug"
119,16173342,CLAW,2016-10-20 00:00:00,6766 PORTSHEAD RD,35000.00,6,,5,,,"Built-In BBQ,Built-Ins","bedrooms,bathrooms",This magnificent Tuscan home with stunning ocean views sits on over an acre of beautiful landscaped grounds. The property is located in the highly desirable neighborhood of Point Dume with beach keys 
116,16173190,CLAW,2016-10-20 00:00:00,3632 VALLEY MEADOW RD,1295000.00,3,,2,,,RangeOven,"bedrooms,bathrooms",This picturesque mid-century ranch style home on a large quiet lot in coveted Royal Woods is the home you have been waiting for! Open and flowing public areas separated from the private bedroom wing m
117,16173212,CLAW,2016-10-20 00:00:00,1024 PALISADES BEACH RD,9250000.00,5,,3,1,4,"Built-Ins,Range Hood,RangeOven","bedrooms,bathrooms","As part of Santa Monica's historically exclusive Gold Coast, where Hollywood's elite first converged to claim a beachfront oasis to call their own, this John Byers-designed Spanish Colonial Revival el"
118,16173320,CLAW,2016-10-20 00:00:00,32506 PACIFIC COAST HWY,35000.00,3,,3,1,,"Built-In BBQ,Built-Ins,Range Hood,Microwave,RangeOven","bedrooms,bathrooms","Stunning beach front property! This remodeled home nestled in the Encinal Bluffs, sits right above the sand on a quiet beach cove. This quintessential Tuscan home features authentic finishes of reclai"
122,16173754,CLAW,2016-10-21 00:00:00,1023 S BUNDY DR,2049000.00,2,,1,1,1,"Built-Ins,RangeOven","bedrooms,bathrooms","Romantic Spanish Hacienda hidden behind a tall privacy hedge. A true retreat full of old-world charm. 2 bedrooms, 2.5 baths plus a converted garage with office, den and ~ bath. Filled with natural lig"
121,16173746,CLAW,2016-10-21 00:00:00,450 N SKYEWIAY RD,2894000.00,3,,2,,1,"Built-In BBQ,Built-Ins,Microwave,RangeOven","bedrooms,bathrooms",Tucked away on a serene street North of Sunset in one of the most sought after areas of Brentwood is 450 N. Skyewiay. This immaculate and ample traditional home has been meticulously maintained and ri
194,316009913,ITECH,2016-10-21 00:00:00,705 East Palm Avenue,598000.00,2,,1,,,,"bedrooms,bathrooms",1940's Traditional in desirable NE Monrovia neighborhood within Gold Ribbon School boundry. This 2 bedroom 1 bath home features an open concept living room dining room w/hardwood floors and playroom t
113,16172958,CLAW,2016-10-21 00:00:00,11158 OPHIR DR,2595000.00,3,,3,,,RangeOven,"bedrooms,bathrooms","Gorgeous 3 Bedroom, 3 Bathroom Traditional home exquisitely remodeled! Great flow for entertaining with formal dining & living area, hardwood floors, beautiful moldings, two fireplaces, top of the lin"
120,16173736,CLAW,2016-10-21 00:00:00,525 N N. CRESCENT HEIGHTS,3995.00,2,,1,,1,RangeOven,"bedrooms,bathrooms","Adorable renovated Country English cottage with hardwood floors, two bedrooms, two renovated baths and tons of natural light. Master suite with renovated spa bath with vaulted ceilings and skylight. U"
125,16174228,CLAW,2016-10-24 00:00:00,1712 MANZANITA PARK AVE,1995000.00,4,,2,1,1,,"bedrooms,bathrooms",Step into this beautifully designed home located at the end of a cul-de-sac nestled in the hills of Malibu. This peaceful and private oasis is tucked behind a walled courtyard entry and gated driveway
123,16173864,CLAW,2016-10-24 00:00:00,11863 DARLINGTON AVE,1195000.00,2,,2,1,,"Built-Ins,Microwave,RangeOven","bedrooms,bathrooms","You immediately feel at home when you step into this luxurious 2 bedrooms and 2.5 bath condominium with an open floor plan and designer finishes. The living quarters features bamboo floors, crown mold"
110,16172810,CLAW,2016-10-24 00:00:00,11166 W SUNSET,4495000.00,5,,5,1,,"Built-In BBQ,Built-Ins,RangeOven","bedrooms,bathrooms","A magnificent new gated home beautifully situated on a large lot (over 13,000 feet) at the intersection of Bel-Air and Westwood. Convenient and easy access to Westwood Village, Beverly Hills, Brentwoo"
196,316010002,ITECH,2016-10-25 00:00:00,2331 North Orchard Drive,899000.00,3,,1,,1,"Built-In BBQ,Gas,Oven-Gas","bedrooms,bathrooms","Welcome Home! This beautiful home offers 3 bedrooms, 2 baths with 2004 sq ft of living space. Enjoy gathering in your living room by one of the fireplaces that is connected to the spacious dining area"
126,16174500,CLAW,2016-10-25 00:00:00,245 S BURLINGAME AVE,7350000.00,5,,3,1,2,"Built-Ins,Range Hood,RangeOven","bedrooms,bathrooms","Truly a rare opportunity in Brentwood Park, minutes to the Country Mart, this charming Traditional has great scale and flow -- both indoors and out -- and is ideally suited for gracious living and ent"
128,16174714,CLAW,2016-10-25 00:00:00,18326 CLIFFTOP WAY,16000.00,3,,2,1,,"Microwave,RangeOven","bedrooms,bathrooms","Panoramic ocean views from this stunning, modern architectural home designed to perfection! Gorgeous open floor plan with high ceilings and skylights. The grand living room features walls of glass wit"
197,316010040,ITECH,2016-10-26 00:00:00,1710 East Mendocino Street,899000.00,3,,1,,1,,"bedrooms,bathrooms","Nestled in the scenic foothills of the San Gabriel Mountains, this beautifully maintained mid-century ranch is a composition of large, light-filled spacesa generous canvas to make your own. The 9,520-"
127,16174642,CLAW,2016-10-26 00:00:00,235 OCEAN PARK,2079000.00,3,,2,,1,RangeOven,"bedrooms,bathrooms","Spectacular 3 bed/3 bath + loft townhome located in the heart of Silicon Beach, Just one block from Main Street, and three blocks from the beach! This FAIA Award winning Michael Folonis creation has a"
130,16174878,CLAW,2016-10-27 00:00:00,701 N ALPINE DR,7995000.00,5,,5,1,1,"Built-Ins,Range Hood,RangeOven","bedrooms,bathrooms","Elegantly situated in the heart of Beverly Hills sits this 2 story Mediterranean home w/ architectural details, 5 bdrms, 6 ~ bas & an inviting GH w/ add'l bedrm & bath. Enter thru the dramatic 2 story"
198,316010077,ITECH,2016-10-27 12:33:34,1121 Hillcroft Road,1895000.00,4,,4,,,,"bedrooms,bathrooms","This sensational 1927 Spanish Colonial, revived to perfection, stands proudest among the other notable properties in this most coveted location of Rossmoyne Historic District. Rossmoyne is one of Glen"
199,316010117,ITECH,2016-10-28 00:00:00,370 South Berkeley Avenue,1699000.00,4,,1,,2,,"bedrooms,bathrooms","Nothing defines Southern California real estate like the understated elegance of a two-story Spanish Revival home. Located in the prestigious Cal Tech area of Pasadena, with San Marino just a block aw"
132,16175808,CLAW,2016-10-28 00:00:00,609 11TH ST,3195000.00,3,,1,,1,"Built-Ins,Microwave,RangeOven","bedrooms,bathrooms","Charming original Spanish style 3 bedroom + 1.75 bath single level home. Approximately 2,266 sq ft on a 50~150 lot with pool and converted garage. Tons of natural light, hardwood floors and original d"
131,16175522,CLAW,2016-10-29 00:00:00,5625 W CRESCENT PARK,799000.00,2,,2,,,"Range Hood,RangeOven","bedrooms,bathrooms","Elegant contemporary two bedroom condo at the much sought after Metro in Playa Vista. Located on the 3rd floor, this unit has been impeccably maintained and was recently upgraded. Step into the formal"
89,16167486,CLAW,2016-10-29 00:00:00,3292 INGLEWOOD,7750.00,4,,2,,,RangeOven,"bedrooms,bathrooms","If you love the magnificence of a great view, this is one of best. King of the Hill panoramic views of Los Angeles and the the mountains beyond. Dramatic architectural home by Escher Gunewardena, loca"
201,316010184,ITECH,2016-10-31 00:00:00,3263 Orlando Road,3950.00,4,,3,1,,,"bedrooms,bathrooms","San Marino Schools! Located in a quiet cul de sac, this traditional single story ranch home has 4 bedrooms and 3.5 bath including permitted guest house ( approx.545 sqft) in San Marino school district"
133,16175946,CLAW,2016-10-31 00:00:00,7463 ROSEWOOD AVE,899000.00,2,,1,,,"Microwave,RangeOven","bedrooms,bathrooms","Beautifully renovated character Spanish Bungalow in amazing Melrose Village (90036) location. Living room w/ barreled ceilings, formal dining room, newer hardwood floors, wood burning fireplace, newer"
200,316010138,ITECH,2016-11-01 00:00:00,929 Old Mill Road,1998000.00,3,,3,1,,"Built-In Gas,Double Oven,Range Hood","bedrooms,bathrooms","This modern contemporary home resides on a corner lot in the upscale Langham Area of Pasadena, a neighborhood characterized by rolling, oak-covered terrain on the base of the picturesque San Gabriel M"
134,16176498,CLAW,2016-11-01 00:00:00,610 N Orlando AVE,3550.00,2,,2,,,"Microwave,RangeOven","bedrooms,bathrooms","Extensively Remodeled Units for Lease in prime and hip WeHo! Modern designer finishes include French Oak laminate wood flooring throughout, a kitchen complete with stainless steel appliances, Caesarst"
124,16174184,CLAW,2016-11-02 00:00:00,4746 TOLAND WAY,768000.00,2,,1,,1,,"bedrooms,bathrooms","Come discover an enchanting brick cottage in the heart of Highland Park. Once you step under the bougainvillea onto the flagstone porch, you'll be smitten. 4746 Toland Way was designed by LA architect"
195,316009971,ITECH,2016-11-02 00:00:00,1143 Crowne Drive,3000.00,3,,2,1,,Free Standing Gas,"bedrooms,bathrooms","Light-filled 3 bedroom, 2 bath Townhome that feels like a single family residence in great Rose Court neighborhood. This Craftsman style home features beautifully redone hardwood floors in the main li"
202,316010241,ITECH,2016-11-02 11:55:26,555 Sierra Madre Boulevard,2485000.00,4,,1,,3,"Free Standing Gas,Oven-Gas","bedrooms,bathrooms","Located in the desirable city of San Marino, near the prestigious Huntington Library, perched up and set back from the street, is this 4 bedrooms 4 baths whimsical traditional. It has been extensively"
111,16172836,CLAW,2016-11-03 00:00:00,1102 GALLOWAY ST,5985000.00,6,,8,,,"Built-Ins,Range Hood,RangeOven","bedrooms,bathrooms","A grand union of modern craftsmanship and traditional architecture, this magnificent Cape Cod was conceived by EMMA, the developers responsible for the redesign of Santa Barbara Airport's historic ter"
204,316010267,ITECH,2016-11-03 00:00:00,0 Roselawn,150000.00,0,,,,,,None,Great Opportunity! Buyer needs to check with City of Glendale and LA County Flood Control for possible specific uses of this property. Plans drawn in 2005 are available for viewing.
107,16171784,CLAW,2016-11-03 00:00:00,1227 GRANVILLE AVE,969000.00,3,,3,,,RangeOven,"bedrooms,bathrooms","Spacious two story, top floor condo with 3 bedrooms and 3 bathrooms. Close proximity to the area's best bars and restaurants. Condo has vaulted ceilings, hardwood floors in living room, loft ideal for"
140,16177368,CLAW,2016-11-03 00:00:00,11017 WAGNER ST,1285000.00,2,,1,,1,"Built-In BBQ,Built-Ins,Range Hood,RangeOven","bedrooms,bathrooms","Sensational home in the coveted Vets Park neighborhood. A true move-in ready, opportunity. Meticulously maintained. Features include, oak flooring, large master suite, bright kitchen with breakfast no"
139,16177332,CLAW,2016-11-03 00:00:00,3850 GLENALBYN DR,650000.00,3,,2,,,Microwave,"bedrooms,bathrooms",Impeccable home!!! Tons of upgrades!!! Remodeled kitchen with stainless steel appliances and granite counter tops. 2-car attached garage. Zoning is possible for backyard expansion. Lots of possibiliti
135,16177116,CLAW,2016-11-03 00:00:00,11435 BIONA DR,1368000.00,4,,1,1,1,Oven,"bedrooms,bathrooms","Beautiful Four Bedroom + Studio home. Located on a Corner Lot. Warm & inviting spacious living room filled w/ character touches such as peg & groove hardwood floors, wood beam ceiling and decorative f"
203,316010261,ITECH,2016-11-03 07:20:11,265 West California Boulevard #8,608000.00,3,,1,1,1,"Cooktop - Gas,Oven","bedrooms,bathrooms","Fantastic three bedroom townhome located in Cal Ritz-Park complex across from Singer Park. Conveniently located close to Old Town, Rose Parade route, Huntington Hospital. This unit is bright and light"
141,16177590,CLAW,2016-11-04 00:00:00,849 S BROADWAY,1565000.00,2,,2,,,"Built-Ins,Microwave,RangeOven","bedrooms,bathrooms","This two bedroom residence located in Downtown L.A.'s landmark Eastern Columbia Building has been completely reimagined by designer/architect Andrea Keller, drawing its design inspiration from Havana,"
138,16177272,CLAW,2016-11-04 00:00:00,849 S BROADWAY,1999000.00,1,,1,1,,"Built-Ins,Microwave,RangeOven","bedrooms,bathrooms","From the unprecedented Penthouse Collection of actor, producer, musician and real estate investor Johnny Depp comes this two story, 1 bedroom/2 bath residence sitting atop the landmark Eastern Columbi"
137,16177260,CLAW,2016-11-04 00:00:00,849 S BROADWAY,2750000.00,2,,2,1,,"Built-Ins,Microwave,RangeOven","bedrooms,bathrooms","From the unprecedented Penthouse Collection of actor, producer, musician and real estate investor Johnny Depp comes this two story, 2 bedroom/3 bath residence situated within Los Angeles's most archit"
136,16177234,CLAW,2016-11-04 00:00:00,849 S BROADWAY,2649000.00,2,,2,1,,"Built-Ins,Microwave,RangeOven","bedrooms,bathrooms","From the unprecedented Penthouse Collection of actor, producer, musician and real estate investor Johnny Depp comes this two story, 2 bedroom/3 bath residence featuring 2,400 square feet of vibrantly-"
205,316010316,ITECH,2016-11-05 06:16:15,766 Elmira Street,540000.00,3,,1,,1,Built-In Gas,"bedrooms,bathrooms","Charming, updated (approx 4 years ago) Spanish-style single family framed by lovely landscaping. Truly move-in ready. Centrally located, close to shopping, with easy freeway access. The remodeled kitc"
206,316010376,ITECH,2016-11-07 00:00:00,560 Chaparral Court,5000.00,3,,3,,,"Built-In Gas,Cooktop - Gas,Microwave,Oven","bedrooms,bathrooms","Set against the backdrop of the majestic San Gabriel Mountains, this beautiful single-level Spainsh home rests behind the gates of La Vina in Altadena. Enter through the lush courtyard to the front do"
143,16178144,CLAW,2016-11-07 00:00:00,1730 CAMINO PALMERO ST,395000.00,1,,1,,,"Built-Ins,Microwave,RangeOven","bedrooms,bathrooms","Great opportunity! 1 bedroom/1 bathroom condo, mins From the 101 & Hollywood Blvd. Well maintained cherry wood cabinets with stainless steel appliances. Double deep sink with modern Moen faucet & chro"
144,16178498,CLAW,2016-11-08 00:00:00,6237 BONSALL DR,30000.00,3,,3,1,,,"bedrooms,bathrooms",A prime flat ~1.5 acre lot w/ a unique use of modern finishes & innovative design by Vitus Matare. This private gated single story marvel is adorned w/ mature trees ranging from avocados to evergreens
208,316010451,ITECH,2016-11-09 00:00:00,2079 Skyview Drive,2175000.00,5,,5,,1,,"bedrooms,bathrooms",A dramatic backdrop of the San Gabriel Mountains and mature scenery frames the magnificent setting for this superb Mediterranean revival located in Altadena's premier estate area. Home to a celebrity 
146,16178870,CLAW,2016-11-09 00:00:00,255 MAIN ST,6495.00,2,,2,,,"Built-Ins,Range Hood,RangeOven","bedrooms,bathrooms","One of a kind 2 bedroom, 2 bath modern penthouse with loft plus ocean views. This New York style Penthouse has high ceilings, lots of natural light, and a sunken living room with fireplace! The open f"
207,316010426,ITECH,2016-11-10 00:00:00,391 West Harriet Street,650000.00,3,,2,,,RangeOven,"bedrooms,bathrooms","Wonderful traditional 3 bedrooms, 2 bathrooms home located in Altadena. Granite counter-tops in the kitchen and baths, newer cabinets throughout. Light and bright living room with fireplace, formal di"
148,16179108,CLAW,2016-11-10 00:00:00,1760 WELLESLEY DR,1749000.00,4,,3,,,"RangeOven,Oven","bedrooms,bathrooms","Don't miss this impressive 2,510sqft traditional located on a corner lot in Sunset Park. Perched up on top of the hill, this home has great views from the second level master suite. There are three ad"
129,16174844,CLAW,2016-11-10 00:00:00,11730 CHENAULT ST,3295000.00,4,,4,1,,Built-Ins,"bedrooms,bathrooms","Located in a highly desirable Brentwood location, this delightful Traditional home is filled with charm and character. Flooded with natural light, this home boasts three en-suite bedrooms upstairs, in"
150,16179532,CLAW,2016-11-11 00:00:00,5340 DENNY AVE,1100000.00,0,,,,,,None,"Approved 8-Unit construction project in the NoHo Arts District. The Project is stamped ""Ready-to-Issue"" and ready to go. A stone's throw from everything that the North Hollywood Arts District has to o"
209,316010501,ITECH,2016-11-11 00:00:00,3301 Vickers Drive,1150000.00,4,,1,1,1,,"bedrooms,bathrooms","Beautiful one owner home in prime Montecito Park location. This single story residence features 4 bedrooms, 2.5 baths. New wood flooring throughout most of the house. Spacious master suite with ample "
142,16178020,CLAW,2016-11-11 00:00:00,1290 OAKWOOD DR,1188000.00,2,,1,,1,"Range Hood,RangeOven","bedrooms,bathrooms","Come away to this enchanting cottage in an idyllic, creekside setting to escape the city hustle and relax. Verdant green lawns surround you as you stroll up the stone path to this two bedroom, two bat"
151,16179540,CLAW,2016-11-11 00:00:00,5625 CASE AVE,1650000.00,0,,,,,,None,"Bring your Developers! This property is perfect for a Small Lot Subdivision. Build 10 Units by Right. The site is made up of two full lots and a bit more for a total of over 16,000 square feet. With t"
145,16178844,CLAW,2016-11-11 00:00:00,1 EASTWIND ST,3695000.00,3,,2,1,,"Built-Ins,Microwave,RangeOven","bedrooms,bathrooms","Rising tall over a rare stretch of soft sand in Marina Del Rey, this epic Lorcan O'Herlihy-designed two level penthouse offers nearly 800 square feet of outdoor terrace including a rooftop lounge evoc"
147,16178966,CLAW,2016-11-11 00:00:00,942 VENEZIA AVE,1795000.00,2,,2,,,"Built-Ins,Microwave,RangeOven,Oven","bedrooms,bathrooms","Impeccably updated Spanish Modern in the heart of Venice Beach. A tall secluded hedge welcomes you to the grassy front yard and porch. A wide-open floor plan, live edge center island and large grassy "
149,16179426,CLAW,2016-11-11 00:00:00,330 S BARRINGTON AVE,749000.00,2,,2,,,"Built-Ins,RangeOven,Built-In And Free Standing","bedrooms,bathrooms","2+2 beautifully updated condo, located on the back of the complex and overlooking the park-like wooded area owned by the VA. This is a very idyllic and tranquil location that is convenient to everythi"
210,316010528,ITECH,2016-11-13 00:00:00,27815 Zion Court,569900.00,4,,3,,,Oven,"bedrooms,bathrooms",Beautiful Hillcrest home for sale with 4 bedrooms (1 downstairs) and 3 baths. Upon entering you will be greeted with a beautiful living room with high ceilings along with dining area. Enjoy entertaini
152,16179602,CLAW,2016-11-14 00:00:00,2919 GRAYSON AVE,3986000.00,3,,1,,1,"Built-In BBQ,Built-Ins,Microwave,RangeOven","bedrooms,bathrooms","Embodying the relaxed casual elegance and privacy of a European-style compound, this exquisitely designed contemporary home on a tree-lined Venice street is the realization of every coastal California"
211,316010536,ITECH,2016-11-14 00:00:00,5042 Indianola Way,2600000.00,5,,4,,,Built-In BBQ,"bedrooms,bathrooms","5042 Indianola Way is a one of a kind property, located on a desirable cul-de-sac in La Canada Flintridge, close to Paradise Canyon Elementary and town. This handsome single story traditional home fea"
153,16180182,CLAW,2016-11-16 00:00:00,308 N SYCAMORE AVE,1875000.00,3,,3,1,,"Range Hood,Microwave,RangeOven","bedrooms,bathrooms",This exquisite corner residence within Los Angeles' most distinguished pre-war building embraces the forgotten elegance of old-world European design while affording the modern comforts of present day 
213,316010650,ITECH,2016-11-17 00:00:00,20280 Allentown Drive,1299000.00,4,,3,1,,Built-In Gas,"bedrooms,bathrooms","Nestled on a breathtaking secluded lot in the esteemed Vista De Oro neighborhood, this completely re-imagined mid-century home marries pristine contemporary features with luxury amenities that wash aw"
154,16180298,CLAW,2016-11-17 00:00:00,731 N CHESTER AVE,1125000.00,3,,2,,,"RangeOven,Gas/Electric Range,Range Hood,Self Cleaning Oven","bedrooms,bathrooms",This 1913 Craftsman is situated in the highly sought after Bungalow Heaven district. The home evokes the soul of vintage craftsman with thoughtful upgrades for modern living.The living room has a fire
156,16181228,CLAW,2016-11-18 00:00:00,33583 MULHOLLAND HWY,7488000.00,4,,4,1,,"Built-In BBQ,Built-Ins,Range Hood,RangeOven","bedrooms,bathrooms","Set to awe-inspiring ocean views and soaring sandstone mountain peaks, this striking home, built by world-renowned Architect Ed Niles, affords the rare opportunity to live within the majesty of nature"
155,16181224,CLAW,2016-11-18 00:00:00,4714 LA VILLA MARINA,839000.00,2,,2,1,,"Built-Ins,RangeOven","bedrooms,bathrooms","Exquisitely renovated multilevel mid century town home 2 + 2.5 end unit with bonus office/nursery. Open floor plan. Spacious kitchen with stainless steel sink, oven and dishwasher. Cozy secluded patio"
212,316010634,ITECH,2016-11-18 00:00:00,574 Garfield Avenue,785000.00,2,,3,,,"Built-Ins,Microwave,Oven,RangeOven,Range Hood","bedrooms,bathrooms",Located in the prestigious and desirable Franciscan Woods. This tri-level townhouse is exceptional in every aspect. The newly built front deck is ideal for relaxing and entertaining with amazing views
214,316010702,ITECH,2016-11-18 07:45:06,545 Westgate Street,1025000.00,4,,1,,1,Built-In Gas,"bedrooms,bathrooms","ALARM IS ON.Two-story Victorian home with an inviting wraparound porch and lots of character throughout and many nice upgrades including copper plumbing, updated electrical and central air. Large livi"
